Time (s),Current (mA)
0.000128,4.0807984728
0.000129,3.2280072951000003
0.00013,3.0035885641999998
0.000131,3.676844757
0.000132,4.1705659651
0.000133,4.4398684423
0.000134,4.5296359347
0.000135,4.3501009499
0.000136,3.7666122494
0.000137,3.4075422799
0.000138,5.3824271123
0.000139,8.3896381071
0.00014,9.3321967771
0.000141,8.7038243305
0.000142,7.671498168099999
0.000143,6.145450797600001
0.000144,3.9461472342
0.000145,3.2280072951000003
0.000146,5.068240889
0.000147,5.2028921275
0.000148,4.9784733966
0.000149,4.5296359347
0.00015,3.7666122494
0.000151,3.0035885641999998
0.000152,1.7019599246
0.000153,1.3428899551
0.000154,2.4200998637
0.000155,4.0807984728
0.000156,4.1705659651
0.000157,5.7414970817999995
0.000158,4.9335896504
0.000159,4.3949846961
0.00016,3.676844757
0.000161,3.5870772647
0.000162,5.2926596199
0.000163,6.3698695285
0.000164,6.2801020361
0.000165,5.8312645742
0.000166,4.6642871732
0.000167,3.4973097723
0.000168,2.3752161175
0.000169,1.7468436708000001
0.00017,2.9138210718
0.000171,3.7217285032
0.000172,4.6642871732
0.000173,5.3375433661
0.000174,5.068240889
0.000175,4.4398684423
0.000176,2.9138210718
0.000177,2.5996348484
0.000178,3.9910309804
0.000179,4.4398684423
0.00018,6.5942882595
0.000181,6.3249857823
0.000182,5.0233571428
0.000183,3.676844757
0.000184,2.4200998637
0.000185,3.4075422799
0.000186,6.1005670514
0.000187,8.5691730919
0.000188,9.8259179852
0.000189,9.4219642695
0.00019,7.2675444523
0.000191,6.459637020900001
0.000192,3.9910309804
0.000193,3.1382398027
0.000194,4.1256822189
0.000195,4.5296359347
0.000196,4.8887059042
0.000197,4.1256822189
0.000198,3.4973097723
0.000199,2.3303323713
0.0002,1.6570761784
0.000201,2.3752161175
0.000202,3.901263488
0.000203,5.8761483204000005
0.000204,6.2352182899
0.000205,6.2352182899
0.000206,5.6068458433
0.000207,3.901263488
0.000208,2.5996348484
0.000209,2.6445185946
0.00021,3.676844757
0.000211,5.1580083813
0.000212,5.8312645742
0.000213,4.8887059042
0.000214,5.2926596199
0.000215,3.5421935185
0.000216,2.6894023407999996
0.000217,3.0035885641999998
0.000218,4.6642871732
0.000219,5.427310858499999
0.00022,5.8312645742
0.000221,5.5170783509
0.000222,4.1705659651
0.000223,2.3752161175
0.000224,1.6570761784
0.000225,3.5870772647
0.000226,5.786380828
0.000227,6.9084744828
0.000228,7.0880094676
0.000229,6.3249857823
0.00023,4.3052172037
0.000231,2.5996348484
0.000232,1.1633549703
0.000233,1.1633549703
0.000234,4.0807984728
0.000235,7.9408006452
0.000236,9.0180105538
0.000237,10.813360401
0.000238,9.8708017314
0.000239,7.8510331528
0.00024,5.1131246352
0.000241,2.6445185946
0.000242,1.2980062089
0.000243,1.7468436708000001
0.000244,3.676844757
0.000245,4.7091709194
0.000246,4.574519680900001
0.000247,3.6319610108
0.000248,3.2728910413
0.000249,2.4649836099
0.00025,1.9712624018
0.000251,3.4973097723
0.000252,5.1580083813
0.000253,6.0556833052
0.000254,6.190334543700001
0.000255,5.1580083813
0.000256,3.7217285032
0.000257,3.0035885641999998
0.000258,4.215449711300001
0.000259,5.472194604699999
0.00026,6.6391720057
0.000261,5.786380828
0.000262,4.574519680900001
0.000263,3.0484723103999998
0.000264,1.8366111632000002
0.000265,2.0161461480000002
0.000266,3.9461472342
0.000267,5.2477758737
0.000268,5.9210320666000005
0.000269,5.2477758737
0.00027,3.8563797418
0.000271,4.1705659651
0.000272,2.734286087
0.000273,3.6319610108
0.000274,4.7989384118
0.000275,5.6068458433
0.000276,5.786380828
0.000277,4.9784733966
0.000278,4.843822158
0.000279,5.2926596199
0.00028,5.786380828
0.000281,6.9982419752
0.000282,8.3447543609
0.000283,8.838475569
0.000284,7.7163819143
0.000285,6.3698695285
0.000286,4.5296359347
0.000287,1.791727417
0.000288,1.6570761784
0.000289,2.8240535794
0.00029,4.1256822189
0.000291,4.7091709194
0.000292,4.6642871732
0.000293,3.3626585337000003
0.000294,3.1831235489000003
0.000295,2.6894023407999996
0.000296,3.8563797418
0.000297,5.472194604699999
0.000298,6.8187069904
0.000299,6.6391720057
0.0003,5.6966133355999995
0.000301,3.901263488
0.000302,2.1507973865
0.000303,1.3877737013
0.000304,1.7019599246
0.000305,4.9335896504
0.000306,6.2801020361
0.000307,6.0556833052
0.000308,5.3824271123
0.000309,4.3501009499
0.00031,2.7791698332
0.000311,2.1507973865
0.000312,2.734286087
0.000313,4.1256822189
0.000314,4.9784733966
0.000315,4.8887059042
0.000316,5.1580083813
0.000317,3.9910309804
0.000318,2.8240535794
0.000319,2.7791698332
0.00032,4.0807984728
0.000321,5.6966133355999995
0.000322,6.145450797600001
0.000323,5.8761483204000005
0.000324,5.3375433661
0.000325,3.9461472342
0.000326,2.9138210718
0.000327,1.7468436708000001
0.000328,4.7540546656
0.000329,6.2352182899
0.00033,8.1652193762
0.000331,10.00545297
0.000332,9.6463830005
0.000333,8.12033563
0.000334,5.6966133355999995
0.000335,3.5870772647
0.000336,2.5547511023
0.000337,3.0484723103999998
0.000338,3.3626585337000003
0.000339,5.1580083813
0.00034,4.3949846961
0.000341,3.7666122494
0.000342,2.734286087
0.000343,2.0161461480000002
0.000344,2.6445185946
0.000345,4.574519680900001
0.000346,5.8312645742
0.000347,6.1005670514
0.000348,5.068240889
0.000349,4.1705659651
0.00035,3.4075422799
0.000351,3.4973097723
0.000352,4.4847521885
0.000353,5.1580083813
0.000354,5.5619620971
0.000355,5.2028921275
0.000356,4.0359147266
0.000357,3.3626585337000003
0.000358,2.3303323713
0.000359,2.4649836099
0.00036,4.5296359347
0.000361,5.5170783509
0.000362,7.0880094676
0.000363,6.6391720057
0.000364,5.8761483204000005
0.000365,4.215449711300001
0.000366,2.5547511023
0.000367,0.93893623936
0.000368,0.98381998556
0.000369,2.958704818
0.00037,5.6517295895
0.000371,6.6840557519
0.000372,6.6840557519
0.000373,6.3249857823
0.000374,4.9784733966
0.000375,4.1256822189
0.000376,4.260333457500001
0.000377,5.1580083813
0.000378,6.6840557519
0.000379,7.8061494066
0.00038,8.2549868685
0.000381,7.4470794371
0.000382,5.7414970817999995
0.000383,3.7666122494
0.000384,1.7468436708000001
0.000385,2.6894023407999996
0.000386,3.1382398027
0.000387,4.215449711300001
0.000388,4.7540546656
0.000389,4.4847521885
0.00039,3.7666122494
0.000391,2.958704818
0.000392,2.5098673561
0.000393,3.7666122494
0.000394,5.5619620971
0.000395,6.2801020361
0.000396,7.9856843914
0.000397,6.8635907366
0.000398,5.2926596199
0.000399,3.3626585337000003
0.0004,2.2854486251
0.000401,0.8940524931699999
0.000402,1.2531224627
0.000403,3.5421935185
0.000404,5.068240889
0.000405,5.5170783509
0.000406,5.2477758737
0.000407,4.843822158
0.000408,3.8114959955999996
0.000409,2.7791698332
0.00041,3.7666122494
0.000411,5.6517295895
0.000412,6.459637020900001
0.000413,6.5045207671
0.000414,6.2801020361
0.000415,4.9784733966
0.000416,3.7217285032
0.000417,1.567308686
0.000418,-0.31780865399
0.000419,2.3752161175
0.00042,3.3177747875
0.000421,5.2028921275
0.000422,6.3249857823
0.000423,7.5368469295
0.000424,7.5817306757
0.000425,6.5494045133
0.000426,6.5045207671
0.000427,7.2675444523
0.000428,7.5817306757
0.000429,6.8187069904
0.00043,6.2801020361
0.000431,4.574519680900001
0.000432,2.4649836099
0.000433,0.93893623936
0.000434,1.3428899551
0.000435,3.2280072951000003
0.000436,4.4398684423
0.000437,5.5619620971
0.000438,5.3375433661
0.000439,4.4847521885
0.00044,3.3177747875
0.000441,1.8366111632000002
0.000442,4.215449711300001
0.000443,5.7414970817999995
0.000444,6.5494045133
0.000445,6.3698695285
0.000446,5.2926596199
0.000447,4.1256822189
0.000448,2.5547511023
0.000449,1.9712624018
0.00045,2.734286087
0.000451,4.3949846961
0.000452,5.0233571428
0.000453,6.4147532747
0.000454,5.6966133355999995
0.000455,4.3501009499
0.000456,2.6445185946
0.000457,2.2854486251
0.000458,3.1831235489000003
0.000459,4.9784733966
0.00046,5.5619620971
0.000461,5.1580083813
0.000462,4.3501009499
0.000463,3.4075422799
0.000464,2.6445185946
0.000465,3.676844757
0.000466,5.0233571428
0.000467,6.8187069904
0.000468,7.2675444523
0.000469,6.7738232442
0.00047,6.5045207671
0.000471,6.2801020361
0.000472,5.6068458433
0.000473,4.1256822189
0.000474,4.215449711300001
0.000475,4.6194034271
0.000476,6.8635907366
0.000477,6.2801020361
0.000478,5.1580083813
0.000479,4.4847521885
0.00048,2.8689373255999997
0.000481,2.0161461480000002
0.000482,2.958704818
0.000483,4.574519680900001
0.000484,5.3375433661
0.000485,5.8761483204000005
0.000486,4.3501009499
0.000487,4.1256822189
0.000488,2.8689373255999997
0.000489,2.2854486251
0.00049,3.9910309804
0.000491,5.6068458433
0.000492,6.3249857823
0.000493,5.7414970817999995
0.000494,5.1131246352
0.000495,3.8563797418
0.000496,2.734286087
0.000497,2.8240535794
0.000498,4.7091709194
0.000499,6.4147532747
0.0005,6.5942882595
0.000501,6.190334543700001
0.000502,5.1580083813
0.000503,3.4973097723
0.000504,2.0161461480000002
0.000505,0.93893623936
0.000506,1.7019599246
0.000507,3.6319610108
0.000508,4.9335896504
0.000509,4.574519680900001
0.00051,5.786380828
0.000511,4.7540546656
0.000512,3.2280072951000003
0.000513,2.6894023407999996
0.000514,3.676844757
0.000515,5.6517295895
0.000516,6.6391720057
0.000517,6.459637020900001
0.000518,5.9210320666000005
0.000519,5.6517295895
0.00052,5.2028921275
0.000521,5.5170783509
0.000522,5.427310858499999
0.000523,6.8187069904
0.000524,7.9856843914
0.000525,7.5817306757
0.000526,6.6391720057
0.000527,4.4847521885
0.000528,2.7791698332
0.000529,1.7019599246
0.00053,1.9712624018
0.000531,3.5870772647
0.000532,4.3052172037
0.000533,5.786380828
0.000534,5.2028921275
0.000535,4.4398684423
0.000536,3.0933560565
0.000537,2.2405648789
0.000538,2.734286087
0.000539,4.0359147266
0.00054,5.5619620971
0.000541,6.190334543700001
0.000542,6.0556833052
0.000543,4.0807984728
0.000544,3.901263488
0.000545,2.3303323713
0.000546,2.4649836099
0.000547,3.676844757
0.000548,4.9335896504
0.000549,5.5619620971
0.00055,5.2926596199
0.000551,4.6194034271
0.000552,3.4973097723
0.000553,2.5098673561
0.000554,2.4649836099
0.000555,5.472194604699999
0.000556,6.7738232442
0.000557,6.953358229
0.000558,6.145450797600001
0.000559,5.1131246352
0.00056,3.2280072951000003
0.000561,1.6121924322
0.000562,1.3877737013
0.000563,3.0484723103999998
0.000564,4.843822158
0.000565,6.190334543700001
0.000566,7.2226607061
0.000567,8.7487080767
0.000568,8.1652193762
0.000569,6.953358229
0.00057,5.5170783509
0.000571,4.9335896504
0.000572,5.6517295895
0.000573,5.6966133355999995
0.000574,5.3375433661
0.000575,4.3949846961
0.000576,2.7791698332
0.000577,0.98381998556
0.000578,2.7791698332
0.000579,3.7666122494
0.00058,5.2477758737
0.000581,6.0556833052
0.000582,5.8312645742
0.000583,5.068240889
0.000584,3.7666122494
0.000585,3.1831235489000003
0.000586,3.3177747875
0.000587,4.843822158
0.000588,4.7091709194
0.000589,5.6517295895
0.00059,4.6642871732
0.000591,3.5870772647
0.000592,2.2405648789
0.000593,2.0161461480000002
0.000594,3.8114959955999996
0.000595,5.2926596199
0.000596,6.1005670514
0.000597,6.010799559
0.000598,5.2028921275
0.000599,3.901263488
0.0006,1.8814949094
0.000601,3.1831235489000003
0.000602,4.3052172037
0.000603,5.1580083813
0.000604,5.427310858499999
0.000605,4.9335896504
0.000606,4.215449711300001
0.000607,3.1382398027
0.000608,2.1507973865
0.000609,3.0035885641999998
0.00061,4.6642871732
0.000611,4.6194034271
0.000612,6.4147532747
0.000613,6.9084744828
0.000614,7.2226607061
0.000615,7.0880094676
0.000616,6.9084744828
0.000617,7.5817306757
0.000618,7.895916899
0.000619,7.5368469295
0.00062,6.010799559
0.000621,4.4398684423
0.000622,1.9712624018
0.000623,1.3877737013
0.000624,0.84916874698
0.000625,2.2854486251
0.000626,3.901263488
0.000627,5.2028921275
0.000628,5.472194604699999
0.000629,4.8887059042
0.00063,3.9461472342
0.000631,2.7791698332
0.000632,2.5996348484
0.000633,3.4524260261
0.000634,4.7989384118
0.000635,6.3249857823
0.000636,6.0556833052
0.000637,5.2926596199
0.000638,4.1256822189
0.000639,2.6894023407999996
0.00064,3.0484723103999998
0.000641,4.260333457500001
0.000642,5.5619620971
0.000643,6.190334543700001
0.000644,5.3824271123
0.000645,4.0359147266
0.000646,4.0359147266
0.000647,2.2405648789
0.000648,1.9712624018
0.000649,3.5421935185
0.00065,5.1131246352
0.000651,5.5170783509
0.000652,5.2477758737
0.000653,4.7540546656
0.000654,3.7666122494
0.000655,3.1382398027
0.000656,3.9461472342
0.000657,5.6966133355999995
0.000658,6.145450797600001
0.000659,6.145450797600001
0.00066,6.2352182899
0.000661,6.3698695285
0.000662,6.1005670514
0.000663,5.6517295895
0.000664,6.8187069904
0.000665,7.17777696
0.000666,7.0880094676
0.000667,5.8761483204000005
0.000668,3.5421935185
0.000669,3.4075422799
0.00067,1.8366111632000002
0.000671,2.6445185946
0.000672,4.215449711300001
0.000673,4.8887059042
0.000674,5.2028921275
0.000675,4.7091709194
0.000676,3.9461472342
0.000677,2.8240535794
0.000678,2.6894023407999996
0.000679,3.4973097723
0.00068,6.0556833052
0.000681,6.3249857823
0.000682,6.1005670514
0.000683,4.9784733966
0.000684,3.4524260261
0.000685,2.3752161175
0.000686,1.791727417
0.000687,3.4524260261
0.000688,5.5619620971
0.000689,5.8761483204000005
0.00069,5.6966133355999995
0.000691,5.068240889
0.000692,4.3949846961
0.000693,3.0933560565
0.000694,2.1059136403000003
0.000695,2.5547511023
0.000696,3.9910309804
0.000697,5.3375433661
0.000698,6.190334543700001
0.000699,5.6517295895
0.0007,4.7989384118
0.000701,3.1831235489000003
0.000702,1.567308686
0.000703,4.0359147266
0.000704,5.3375433661
0.000705,5.8761483204000005
0.000706,5.7414970817999995
0.000707,6.4147532747
0.000708,6.5045207671
0.000709,5.9659158128
0.00071,6.728939498000001
0.000711,7.7612656604
0.000712,8.479405599500002
0.000713,6.8635907366
0.000714,6.6840557519
0.000715,4.9335896504
0.000716,2.734286087
0.000717,1.6570761784
0.000718,2.2405648789
0.000719,3.7666122494
0.00072,4.6642871732
0.000721,4.574519680900001
0.000722,4.0807984728
0.000723,3.1831235489000003
0.000724,1.8814949094
0.000725,1.6121924322
0.000726,3.5870772647
0.000727,5.472194604699999
0.000728,6.5045207671
0.000729,6.5045207671
0.00073,5.6517295895
0.000731,4.4398684423
0.000732,3.2280072951000003
0.000733,2.4649836099
0.000734,3.3626585337000003
0.000735,4.3949846961
0.000736,4.260333457500001
0.000737,5.5170783509
0.000738,4.260333457500001
0.000739,2.9138210718
0.00074,1.9263786556
0.000741,2.8689373255999997
0.000742,4.8887059042
0.000743,6.190334543700001
0.000744,6.5942882595
0.000745,6.145450797600001
0.000746,5.1131246352
0.000747,3.0933560565
0.000748,2.5996348484
0.000749,2.1507973865
0.00075,3.4075422799
0.000751,4.6642871732
0.000752,5.427310858499999
0.000753,5.0233571428
0.000754,4.0807984728
0.000755,2.8689373255999997
0.000756,3.0035885641999998
0.000757,5.2028921275
0.000758,8.2101031224
0.000759,8.9731268076
0.00076,9.4219642695
0.000761,7.9408006452
0.000762,5.6068458433
0.000763,4.0359147266
0.000764,3.5870772647
0.000765,4.4847521885
0.000766,5.1131246352
0.000767,5.6068458433
0.000768,5.427310858499999
0.000769,4.0359147266
0.00077,1.4326574475
0.000771,1.7468436708000001
0.000772,0.98381998556
0.000773,2.1059136403000003
0.000774,4.7091709194
0.000775,6.190334543700001
0.000776,6.459637020900001
0.000777,5.9659158128
0.000778,4.6642871732
0.000779,3.4524260261
0.00078,2.2854486251
0.000781,2.0161461480000002
0.000782,4.6642871732
0.000783,5.6966133355999995
0.000784,5.6068458433
0.000785,5.068240889
0.000786,4.0807984728
0.000787,2.9138210718
0.000788,3.2280072951000003
0.000789,4.6642871732
0.00079,6.4147532747
0.000791,6.7738232442
0.000792,6.4147532747
0.000793,5.6517295895
0.000794,6.6391720057
0.000795,8.6140568381
0.000796,11.486616594000001
0.000797,12.922896472
0.000798,12.384291518
0.000799,11.217314117
0.0008,11.89057031
0.000801,13.77568765
0.000802,14.718246319999999
0.000803,13.506385173
0.000804,9.691266746699998
0.000805,7.8061494066
0.000806,4.3052172037
0.000807,0.84916874698
0.000808,-1.7989722783
0.000809,-2.9210659331
0.00081,-1.7092047859
0.000811,0.84916874698
0.000812,3.1382398027
0.000813,4.8887059042
0.000814,5.6966133355999995
0.000815,5.2926596199
0.000816,4.1705659651
0.000817,4.0807984728
0.000818,5.2477758737
0.000819,6.8187069904
0.00082,7.4021956909
0.000821,6.4147532747
0.000822,5.2477758737
0.000823,3.1382398027
0.000824,1.2531224627
0.000825,0.7594012546
0.000826,2.2854486251
0.000827,3.8563797418
0.000828,6.4147532747
0.000829,6.010799559
0.00083,5.3824271123
0.000831,3.9910309804
0.000832,3.2728910413
0.000833,2.5547511023
0.000834,2.958704818
0.000835,4.843822158
0.000836,5.7414970817999995
0.000837,6.145450797600001
0.000838,5.2926596199
0.000839,5.2028921275
0.00084,3.5870772647
0.000841,2.1059136403000003
0.000842,1.2980062089
0.000843,1.791727417
0.000844,3.4075422799
0.000845,5.0233571428
0.000846,5.2926596199
0.000847,5.427310858499999
0.000848,4.6194034271
0.000849,3.1831235489000003
0.00085,3.0933560565
0.000851,4.5296359347
0.000852,5.6517295895
0.000853,6.0556833052
0.000854,6.3249857823
0.000855,5.2028921275
0.000856,4.3949846961
0.000857,4.1256822189
0.000858,4.3052172037
0.000859,6.1005670514
0.00086,7.7163819143
0.000861,8.3447543609
0.000862,8.4345218533
0.000863,6.7738232442
0.000864,4.3949846961
0.000865,2.8689373255999997
0.000866,2.3752161175
0.000867,3.2280072951000003
0.000868,4.260333457500001
0.000869,4.3501009499
0.00087,4.1256822189
0.000871,3.5421935185
0.000872,1.8814949094
0.000873,3.1831235489000003
0.000874,4.843822158
0.000875,5.786380828
0.000876,5.9210320666000005
0.000877,5.5170783509
0.000878,4.260333457500001
0.000879,3.0933560565
0.00088,2.2854486251
0.000881,2.734286087
0.000882,4.3501009499
0.000883,5.1580083813
0.000884,5.2477758737
0.000885,4.7989384118
0.000886,3.9461472342
0.000887,3.4075422799
0.000888,3.6319610108
0.000889,4.9335896504
0.00089,5.9659158128
0.000891,6.010799559
0.000892,5.472194604699999
0.000893,4.7540546656
0.000894,3.3626585337000003
0.000895,1.2531224627
0.000896,2.3303323713
0.000897,3.0035885641999998
0.000898,5.0233571428
0.000899,6.0556833052
0.0009,6.8635907366
0.000901,7.5817306757
0.000902,7.9408006452
0.000903,7.312428198499999
0.000904,5.786380828
0.000905,4.4847521885
0.000906,3.4973097723
0.000907,5.5170783509
0.000908,6.3698695285
0.000909,6.3249857823
0.00091,5.0233571428
0.000911,4.4847521885
0.000912,2.7791698332
0.000913,1.6570761784
0.000914,0.62475001602
0.000915,2.0161461480000002
0.000916,3.7217285032
0.000917,4.6194034271
0.000918,5.6068458433
0.000919,6.145450797600001
0.00092,4.9784733966
0.000921,3.6319610108
0.000922,2.958704818
0.000923,4.215449711300001
0.000924,5.427310858499999
0.000925,5.6068458433
0.000926,5.8761483204000005
0.000927,5.068240889
0.000928,3.9461472342
0.000929,1.2531224627
0.00093,2.6894023407999996
0.000931,3.9910309804
0.000932,5.1580083813
0.000933,6.2801020361
0.000934,6.2352182899
0.000935,5.3824271123
0.000936,4.0807984728
0.000937,2.2854486251
0.000938,0.71451750841
0.000939,0.98381998556
0.00094,1.8814949094
0.000941,5.472194604699999
0.000942,6.953358229
0.000943,7.2675444523
0.000944,6.459637020900001
0.000945,4.7540546656
0.000946,3.0933560565
0.000947,1.3428899551
0.000948,1.7019599246
0.000949,3.5870772647
0.00095,6.1005670514
0.000951,8.0754518838
0.000952,9.0628943
0.000953,8.6589405843
0.000954,6.8635907366
0.000955,5.427310858499999
0.000956,5.6068458433
0.000957,6.5045207671
0.000958,6.8187069904
0.000959,5.786380828
0.00096,4.0807984728
0.000961,2.6894023407999996
0.000962,1.5224249398999998
0.000963,1.1184712241
0.000964,4.0807984728
0.000965,5.1580083813
0.000966,5.3824271123
0.000967,5.2926596199
0.000968,4.4398684423
0.000969,3.1831235489000003
0.00097,2.6445185946
0.000971,4.3052172037
0.000972,5.472194604699999
0.000973,6.2801020361
0.000974,5.2926596199
0.000975,4.9784733966
0.000976,3.7217285032
0.000977,2.5098673561
0.000978,2.7791698332
0.000979,4.4398684423
0.00098,5.3375433661
0.000981,5.3824271123
0.000982,5.068240889
0.000983,4.7989384118
0.000984,3.3177747875
0.000985,1.9712624018
0.000986,2.3303323713
0.000987,4.6642871732
0.000988,5.6517295895
0.000989,6.3249857823
0.00099,5.427310858499999
0.000991,3.9910309804
0.000992,2.6894023407999996
0.000993,1.7019599246
0.000994,3.1831235489000003
0.000995,4.4398684423
0.000996,5.5619620971
0.000997,4.9784733966
0.000998,5.6517295895
0.000999,3.9910309804
0.001,2.1956811327
0.001001,4.0807984728
0.001002,6.5942882595
0.001003,8.8833593152
0.001004,9.5566155081
0.001005,8.8833593152
0.001006,6.6391720057
0.001007,4.3501009499
0.001008,3.0933560565
0.001009,4.0359147266
0.00101,5.068240889
0.001011,4.574519680900001
0.001012,4.215449711300001
0.001013,3.0484723103999998
0.001014,2.0610298941
0.001015,1.567308686
0.001016,3.0484723103999998
0.001017,4.4398684423
0.001018,5.6068458433
0.001019,5.6517295895
0.00102,4.7540546656
0.001021,4.0359147266
0.001022,3.0933560565
0.001023,3.3177747875
0.001024,4.7540546656
0.001025,5.786380828
0.001026,5.9659158128
0.001027,5.6068458433
0.001028,4.7540546656
0.001029,3.4075422799
0.00103,2.5098673561
0.001031,1.5224249398999998
0.001032,4.6642871732
0.001033,5.9210320666000005
0.001034,6.5942882595
0.001035,6.459637020900001
0.001036,5.472194604699999
0.001037,4.3052172037
0.001038,2.3752161175
0.001039,0.98381998556
0.00104,1.4775411937
0.001041,2.8689373255999997
0.001042,3.8563797418
0.001043,5.8761483204000005
0.001044,6.6840557519
0.001045,6.9084744828
0.001046,6.5045207671
0.001047,6.7738232442
0.001048,7.626614421899999
0.001049,8.838475569
0.00105,8.8833593152
0.001051,7.357311944699999
0.001052,5.1580083813
0.001053,2.2405648789
0.001054,0.2207963003
0.001055,1.791727417
0.001056,3.4524260261
0.001057,4.7989384118
0.001058,5.2926596199
0.001059,5.5170783509
0.00106,4.6194034271
0.001061,3.3626585337000003
0.001062,2.6445185946
0.001063,2.3752161175
0.001064,3.9910309804
0.001065,4.8887059042
0.001066,6.1005670514
0.001067,5.8761483204000005
0.001068,4.7091709194
0.001069,3.3177747875
0.00107,2.9138210718
0.001071,3.676844757
0.001072,5.2477758737
0.001073,5.5619620971
0.001074,5.3824271123
0.001075,4.9784733966
0.001076,3.0933560565
0.001077,3.0035885641999998
0.001078,2.8689373255999997
0.001079,4.6642871732
0.00108,6.6840557519
0.001081,7.4021956909
0.001082,7.17777696
0.001083,6.4147532747
0.001084,4.3501009499
0.001085,2.2854486251
0.001086,0.80428500079
0.001087,-0.2729249078
0.001088,0.8940524931699999
0.001089,3.4973097723
0.00109,5.472194604699999
0.001091,6.0556833052
0.001092,6.1005670514
0.001093,4.9784733966
0.001094,3.6319610108
0.001095,2.8689373255999997
0.001096,4.3949846961
0.001097,7.2675444523
0.001098,8.9282430614
0.001099,8.7935918228
0.0011,8.7935918228
0.001101,7.0431257214
0.001102,5.2926596199
0.001103,3.8563797418
0.001104,4.1705659651
0.001105,4.6642871732
0.001106,4.3052172037
0.001107,3.9910309804
0.001108,3.2280072951000003
0.001109,2.5996348484
0.00111,1.7468436708000001
0.001111,3.7217285032
0.001112,5.472194604699999
0.001113,6.5942882595
0.001114,6.145450797600001
0.001115,5.6068458433
0.001116,4.1256822189
0.001117,3.1382398027
0.001118,2.0161461480000002
0.001119,2.5996348484
0.00112,4.4847521885
0.001121,5.427310858499999
0.001122,5.2926596199
0.001123,5.6068458433
0.001124,4.3949846961
0.001125,2.7791698332
0.001126,2.1507973865
0.001127,3.6319610108
0.001128,5.068240889
0.001129,5.8761483204000005
0.00113,5.6517295895
0.001131,4.574519680900001
0.001132,3.4075422799
0.001133,2.1059136403000003
0.001134,3.4973097723
0.001135,4.8887059042
0.001136,5.472194604699999
0.001137,5.6517295895
0.001138,4.8887059042
0.001139,3.3177747875
0.00114,2.734286087
0.001141,3.8563797418
0.001142,7.0431257214
0.001143,9.0628943
0.001144,9.1975455386
0.001145,9.5566155081
0.001146,7.312428198499999
0.001147,4.6642871732
0.001148,2.8689373255999997
0.001149,2.8240535794
0.00115,3.9461472342
0.001151,5.2028921275
0.001152,5.427310858499999
0.001153,4.9784733966
0.001154,3.901263488
0.001155,2.8689373255999997
0.001156,1.4775411937
0.001157,1.7019599246
0.001158,3.4524260261
0.001159,5.2926596199
0.00116,6.459637020900001
0.001161,6.459637020900001
0.001162,5.6068458433
0.001163,4.6642871732
0.001164,3.2728910413
0.001165,2.3303323713
0.001166,3.5870772647
0.001167,4.1705659651
0.001168,6.3698695285
0.001169,5.786380828
0.00117,5.0233571428
0.001171,3.8563797418
0.001172,2.3752161175
0.001173,1.7019599246
0.001174,2.5996348484
0.001175,4.215449711300001
0.001176,5.3375433661
0.001177,5.3375433661
0.001178,4.5296359347
0.001179,4.260333457500001
0.00118,3.3177747875
0.001181,3.6319610108
0.001182,5.5170783509
0.001183,7.0880094676
0.001184,7.4021956909
0.001185,6.8635907366
0.001186,5.5170783509
0.001187,3.8114959955999996
0.001188,2.4200998637
0.001189,1.2980062089
0.00119,2.5098673561
0.001191,6.1005670514
0.001192,8.2998706147
0.001193,9.0628943
0.001194,8.7038243305
0.001195,7.4021956909
0.001196,5.472194604699999
0.001197,4.0807984728
0.001198,3.7666122494
0.001199,4.0359147266
0.0012,4.5296359347
0.001201,3.0035885641999998
0.001202,3.901263488
0.001203,3.1831235489000003
0.001204,2.2854486251
0.001205,2.9138210718
0.001206,4.1705659651
0.001207,5.1131246352
0.001208,5.9210320666000005
0.001209,5.5619620971
0.00121,5.068240889
0.001211,3.5421935185
0.001212,2.6445185946
0.001213,4.4398684423
0.001214,5.2028921275
0.001215,5.9659158128
0.001216,5.472194604699999
0.001217,4.7091709194
0.001218,3.4524260261
0.001219,2.1059136403000003
0.00122,2.3303323713
0.001221,3.8563797418
0.001222,5.068240889
0.001223,5.8761483204000005
0.001224,5.427310858499999
0.001225,5.1580083813
0.001226,3.9461472342
0.001227,2.4649836099
0.001228,3.0035885641999998
0.001229,4.3501009499
0.00123,5.3375433661
0.001231,5.427310858499999
0.001232,4.9335896504
0.001233,4.1705659651
0.001234,2.9138210718
0.001235,2.4649836099
0.001236,5.472194604699999
0.001237,5.9659158128
0.001238,6.6840557519
0.001239,6.8635907366
0.00124,7.0880094676
0.001241,6.8187069904
0.001242,5.8761483204000005
0.001243,4.7989384118
0.001244,4.215449711300001
0.001245,5.3375433661
0.001246,5.427310858499999
0.001247,6.0556833052
0.001248,5.1131246352
0.001249,3.9910309804
0.00125,2.8240535794
0.001251,2.4200998637
0.001252,3.0484723103999998
0.001253,4.5296359347
0.001254,5.5619620971
0.001255,5.786380828
0.001256,5.6517295895
0.001257,4.7091709194
0.001258,3.2728910413
0.001259,2.4649836099
0.00126,1.8814949094
0.001261,3.1382398027
0.001262,4.574519680900001
0.001263,5.9210320666000005
0.001264,5.8761483204000005
0.001265,5.3375433661
0.001266,3.9461472342
0.001267,2.3752161175
0.001268,2.9138210718
0.001269,3.2728910413
0.00127,6.5494045133
0.001271,6.8187069904
0.001272,6.1005670514
0.001273,5.2926596199
0.001274,3.4075422799
0.001275,1.791727417
0.001276,0.98381998556
0.001277,2.1956811327
0.001278,4.215449711300001
0.001279,4.7540546656
0.00128,4.7091709194
0.001281,5.1580083813
0.001282,4.4847521885
0.001283,3.4524260261
0.001284,4.0807984728
0.001285,6.145450797600001
0.001286,8.838475569
0.001287,9.4668480157
0.001288,9.8259179852
0.001289,8.4345218533
0.00129,6.4147532747
0.001291,4.3052172037
0.001292,2.0161461480000002
0.001293,3.4524260261
0.001294,3.901263488
0.001295,4.6642871732
0.001296,4.9335896504
0.001297,4.6194034271
0.001298,3.4973097723
0.001299,1.791727417
0.0013,1.0287037317
0.001301,2.8240535794
0.001302,5.1131246352
0.001303,5.5170783509
0.001304,7.1328932138
0.001305,6.010799559
0.001306,4.1256822189
0.001307,2.734286087
0.001308,3.5870772647
0.001309,5.6966133355999995
0.00131,6.3249857823
0.001311,6.3249857823
0.001312,5.2926596199
0.001313,3.8114959955999996
0.001314,1.9263786556
0.001315,1.791727417
0.001316,3.1831235489000003
0.001317,4.7989384118
0.001318,5.5170783509
0.001319,5.7414970817999995
0.00132,4.6642871732
0.001321,3.3177747875
0.001322,2.3752161175
0.001323,2.6445185946
0.001324,4.3949846961
0.001325,6.0556833052
0.001326,5.3375433661
0.001327,6.5494045133
0.001328,4.843822158
0.001329,3.2728910413
0.00133,1.791727417
0.001331,1.8814949094
0.001332,3.6319610108
0.001333,5.2028921275
0.001334,6.6840557519
0.001335,8.2998706147
0.001336,8.2101031224
0.001337,6.9982419752
0.001338,6.5494045133
0.001339,5.5170783509
0.00134,5.6517295895
0.001341,6.6840557519
0.001342,7.2675444523
0.001343,6.5494045133
0.001344,5.472194604699999
0.001345,3.3177747875
0.001346,1.0735874778999999
0.001347,0.2207963003
0.001348,-0.18315741542
0.001349,2.0610298941
0.00135,5.1580083813
0.001351,6.010799559
0.001352,6.190334543700001
0.001353,5.9659158128
0.001354,4.574519680900001
0.001355,3.3177747875
0.001356,3.1382398027
0.001357,4.574519680900001
0.001358,5.6517295895
0.001359,6.3698695285
0.00136,4.574519680900001
0.001361,4.215449711300001
0.001362,3.4075422799
0.001363,2.8240535794
0.001364,2.7791698332
0.001365,4.6194034271
0.001366,5.1580083813
0.001367,4.8887059042
0.001368,5.0233571428
0.001369,4.4847521885
0.00137,3.676844757
0.001371,2.1507973865
0.001372,4.3949846961
0.001373,5.2028921275
0.001374,6.145450797600001
0.001375,6.1005670514
0.001376,5.2028921275
0.001377,4.260333457500001
0.001378,3.3177747875
0.001379,3.0933560565
0.00138,5.3375433661
0.001381,7.8061494066
0.001382,9.1526617924
0.001383,10.050336716
0.001384,8.5691730919
0.001385,6.3249857823
0.001386,3.8114959955999996
0.001387,2.3303323713
0.001388,1.8814949094
0.001389,3.4524260261
0.00139,4.3052172037
0.001391,4.9784733966
0.001392,4.4847521885
0.001393,4.1256822189
0.001394,2.5996348484
0.001395,3.1382398027
0.001396,3.4075422799
0.001397,4.260333457500001
0.001398,5.8761483204000005
0.001399,5.786380828
0.0014,5.5170783509
0.001401,4.3949846961
0.001402,3.3177747875
0.001403,2.7791698332
0.001404,3.4075422799
0.001405,4.3949846961
0.001406,6.2801020361
0.001407,6.190334543700001
0.001408,5.6966133355999995
0.001409,4.7540546656
0.00141,3.4973097723
0.001411,1.9263786556
0.001412,1.0735874778999999
0.001413,2.3303323713
0.001414,4.3949846961
0.001415,6.3698695285
0.001416,6.4147532747
0.001417,6.7738232442
0.001418,5.3824271123
0.001419,3.3626585337000003
0.00142,1.9263786556
0.001421,1.8366111632000002
0.001422,3.5870772647
0.001423,5.2477758737
0.001424,5.9659158128
0.001425,6.0556833052
0.001426,5.2926596199
0.001427,4.843822158
0.001428,4.5296359347
0.001429,5.8761483204000005
0.00143,8.0754518838
0.001431,9.4668480157
0.001432,9.736150492899998
0.001433,9.6014992543
0.001434,7.671498168099999
0.001435,4.843822158
0.001436,2.6894023407999996
0.001437,0.7594012546
0.001438,-0.45245989257
0.001439,0.26568004649000004
0.00144,3.7217285032
0.001441,4.3052172037
0.001442,5.1580083813
0.001443,4.7989384118
0.001444,4.1705659651
0.001445,3.3626585337000003
0.001446,4.3501009499
0.001447,5.3824271123
0.001448,6.8187069904
0.001449,6.190334543700001
0.00145,4.9335896504
0.001451,3.7666122494
0.001452,2.4649836099
0.001453,2.6445185946
0.001454,4.6194034271
0.001455,5.786380828
0.001456,5.8312645742
0.001457,5.427310858499999
0.001458,4.3052172037
0.001459,2.5547511023
0.00146,2.1956811327
0.001461,3.3626585337000003
0.001462,4.0359147266
0.001463,7.2675444523
0.001464,6.8635907366
0.001465,5.8761483204000005
0.001466,4.3949846961
0.001467,2.8689373255999997
0.001468,1.791727417
0.001469,2.5996348484
0.00147,4.3949846961
0.001471,5.2028921275
0.001472,5.7414970817999995
0.001473,4.8887059042
0.001474,4.574519680900001
0.001475,4.6194034271
0.001476,5.9659158128
0.001477,8.1652193762
0.001478,9.9156854776
0.001479,9.9156854776
0.00148,8.2998706147
0.001481,6.3698695285
0.001482,3.7666122494
0.001483,2.3303323713
0.001484,2.8689373255999997
0.001485,4.0359147266
0.001486,4.7989384118
0.001487,4.1256822189
0.001488,3.676844757
0.001489,2.6894023407999996
0.00149,2.5098673561
0.001491,3.2280072951000003
0.001492,4.7091709194
0.001493,5.9210320666000005
0.001494,6.4147532747
0.001495,5.6068458433
0.001496,3.6319610108
0.001497,3.4973097723
0.001498,2.1956811327
0.001499,3.3177747875
0.0015,4.7091709194
0.001501,5.6068458433
0.001502,5.5619620971
0.001503,5.1131246352
0.001504,3.5870772647
0.001505,2.1956811327
0.001506,2.3752161175
0.001507,2.958704818
0.001508,6.190334543700001
0.001509,6.8635907366
0.00151,5.786380828
0.001511,5.0233571428
0.001512,3.7666122494
0.001513,2.0610298941
0.001514,2.1059136403000003
0.001515,3.676844757
0.001516,5.3824271123
0.001517,5.786380828
0.001518,6.145450797600001
0.001519,4.3949846961
0.00152,3.7666122494
0.001521,2.3752161175
0.001522,1.6570761784
0.001523,3.6319610108
0.001524,5.472194604699999
0.001525,5.786380828
0.001526,5.427310858499999
0.001527,4.215449711300001
0.001528,3.4075422799
0.001529,3.3177747875
0.00153,3.676844757
0.001531,7.7612656604
0.001532,8.7487080767
0.001533,9.4219642695
0.001534,8.7935918228
0.001535,7.1328932138
0.001536,5.786380828
0.001537,3.9461472342
0.001538,4.3052172037
0.001539,5.0233571428
0.00154,4.260333457500001
0.001541,3.7217285032
0.001542,4.260333457500001
0.001543,2.6445185946
0.001544,2.0610298941
0.001545,2.6445185946
0.001546,4.260333457500001
0.001547,4.843822158
0.001548,5.7414970817999995
0.001549,6.0556833052
0.00155,5.0233571428
0.001551,4.4398684423
0.001552,2.734286087
0.001553,2.6445185946
0.001554,4.843822158
0.001555,5.8761483204000005
0.001556,6.190334543700001
0.001557,5.8312645742
0.001558,3.9461472342
0.001559,3.0484723103999998
0.00156,2.6445185946
0.001561,4.1705659651
0.001562,5.5619620971
0.001563,6.7738232442
0.001564,5.9659158128
0.001565,5.7414970817999995
0.001566,4.3501009499
0.001567,2.8689373255999997
0.001568,1.3877737013
0.001569,0.93893623936
0.00157,2.3303323713
0.001571,4.3949846961
0.001572,5.8312645742
0.001573,5.786380828
0.001574,6.010799559
0.001575,5.9210320666000005
0.001576,6.9084744828
0.001577,6.2352182899
0.001578,6.145450797600001
0.001579,7.2226607061
0.00158,7.4470794371
0.001581,7.7612656604
0.001582,6.5494045133
0.001583,4.4847521885
0.001584,2.5547511023
0.001585,1.3428899551
0.001586,2.2854486251
0.001587,3.9461472342
0.001588,4.9335896504
0.001589,5.068240889
0.00159,4.215449711300001
0.001591,3.5870772647
0.001592,2.8240535794
0.001593,3.1831235489000003
0.001594,5.0233571428
0.001595,5.8312645742
0.001596,6.145450797600001
0.001597,5.472194604699999
0.001598,3.1382398027
0.001599,3.3626585337000003
0.0016,2.8689373255999997
0.001601,4.4398684423
0.001602,5.5619620971
0.001603,5.8761483204000005
0.001604,5.3375433661
0.001605,4.0359147266
0.001606,2.5996348484
0.001607,2.4649836099
0.001608,3.5421935185
0.001609,4.843822158
0.00161,6.4147532747
0.001611,5.9659158128
0.001612,5.3824271123
0.001613,3.9910309804
0.001614,2.5996348484
0.001615,2.8689373255999997
0.001616,4.6194034271
0.001617,5.7414970817999995
0.001618,5.8761483204000005
0.001619,5.7414970817999995
0.00162,4.1256822189
0.001621,3.1831235489000003
0.001622,2.9138210718
0.001623,2.7791698332
0.001624,4.6642871732
0.001625,5.472194604699999
0.001626,6.5494045133
0.001627,8.12033563
0.001628,7.7612656604
0.001629,6.5942882595
0.00163,5.8312645742
0.001631,5.6517295895
0.001632,5.786380828
0.001633,6.728939498000001
0.001634,5.9210320666000005
0.001635,4.3501009499
0.001636,2.5996348484
0.001637,1.5224249398999998
0.001638,1.8814949094
0.001639,3.676844757
0.00164,5.2926596199
0.001641,5.427310858499999
0.001642,5.8761483204000005
0.001643,3.901263488
0.001644,3.4973097723
0.001645,2.1956811327
0.001646,3.2280072951000003
0.001647,4.7540546656
0.001648,5.8761483204000005
0.001649,6.010799559
0.00165,5.1131246352
0.001651,3.2280072951000003
0.001652,2.2405648789
0.001653,3.0035885641999998
0.001654,4.5296359347
0.001655,6.3249857823
0.001656,6.3698695285
0.001657,5.8761483204000005
0.001658,4.1256822189
0.001659,2.5996348484
0.00166,2.0161461480000002
0.001661,3.3177747875
0.001662,4.9335896504
0.001663,5.5170783509
0.001664,5.6517295895
0.001665,5.2926596199
0.001666,3.0484723103999998
0.001667,3.1831235489000003
0.001668,3.0035885641999998
0.001669,4.4398684423
0.00167,5.8312645742
0.001671,5.8312645742
0.001672,6.9084744828
0.001673,7.0880094676
0.001674,6.8635907366
0.001675,6.2801020361
0.001676,6.190334543700001
0.001677,6.2352182899
0.001678,7.895916899
0.001679,6.8635907366
0.00168,5.9210320666000005
0.001681,3.5421935185
0.001682,1.791727417
0.001683,1.1633549703
0.001684,2.5547511023
0.001685,4.6642871732
0.001686,5.3824271123
0.001687,5.8761483204000005
0.001688,5.068240889
0.001689,3.8563797418
0.00169,2.6445185946
0.001691,2.6445185946
0.001692,4.3501009499
0.001693,6.190334543700001
0.001694,6.1005670514
0.001695,5.5619620971
0.001696,4.215449711300001
0.001697,2.4200998637
0.001698,1.9712624018
0.001699,2.5996348484
0.0017,3.9461472342
0.001701,6.3698695285
0.001702,6.728939498000001
0.001703,5.6068458433
0.001704,3.901263488
0.001705,2.8240535794
0.001706,3.2728910413
0.001707,4.7091709194
0.001708,6.1005670514
0.001709,5.9210320666000005
0.00171,5.9210320666000005
0.001711,4.0807984728
0.001712,3.4524260261
0.001713,2.7791698332
0.001714,2.1956811327
0.001715,3.8563797418
0.001716,5.1580083813
0.001717,6.1005670514
0.001718,5.8312645742
0.001719,5.1131246352
0.00172,5.3824271123
0.001721,5.3375433661
0.001722,6.010799559
0.001723,8.2101031224
0.001724,8.8833593152
0.001725,8.838475569
0.001726,7.0880094676
0.001727,5.1580083813
0.001728,3.2280072951000003
0.001729,1.2082387165000001
0.00173,1.5224249398999998
0.001731,2.8689373255999997
0.001732,4.4398684423
0.001733,4.843822158
0.001734,3.7666122494
0.001735,4.3949846961
0.001736,3.0933560565
0.001737,2.6445185946
0.001738,3.7217285032
0.001739,5.1580083813
0.00174,6.190334543700001
0.001741,5.6966133355999995
0.001742,5.0233571428
0.001743,4.260333457500001
0.001744,2.6445185946
0.001745,2.4200998637
0.001746,4.8887059042
0.001747,5.7414970817999995
0.001748,5.9659158128
0.001749,5.3375433661
0.00175,4.0807984728
0.001751,2.8240535794
0.001752,2.1059136403000003
0.001753,2.958704818
0.001754,4.9784733966
0.001755,6.145450797600001
0.001756,5.8312645742
0.001757,5.068240889
0.001758,4.5296359347
0.001759,2.9138210718
0.00176,2.7791698332
0.001761,3.9910309804
0.001762,5.6068458433
0.001763,5.9659158128
0.001764,6.2801020361
0.001765,6.6391720057
0.001766,6.5045207671
0.001767,6.3249857823
0.001768,5.6068458433
0.001769,7.8061494066
0.00177,7.626614421899999
0.001771,7.312428198499999
0.001772,5.9659158128
0.001773,3.9461472342
0.001774,2.2854486251
0.001775,1.0287037317
0.001776,1.6570761784
0.001777,3.9461472342
0.001778,5.2477758737
0.001779,5.0233571428
0.00178,5.9659158128
0.001781,4.5296359347
0.001782,3.1382398027
0.001783,2.0161461480000002
0.001784,2.6894023407999996
0.001785,3.9910309804
0.001786,5.472194604699999
0.001787,6.145450797600001
0.001788,5.786380828
0.001789,5.068240889
0.00179,3.0484723103999998
0.001791,3.6319610108
0.001792,5.2926596199
0.001793,7.7163819143
0.001794,9.6463830005
0.001795,10.588941669999999
0.001796,12.429175264
0.001797,12.788245234
0.001798,11.531500341
0.001799,10.633825417
0.0018,9.8708017314
0.001801,10.36452294
0.001802,8.9731268076
0.001803,8.4345218533
0.001804,6.2352182899
0.001805,3.5870772647
0.001806,1.6121924322
0.001807,1.8366111632000002
0.001808,1.567308686
0.001809,2.0610298941
0.00181,3.8563797418
0.001811,6.459637020900001
0.001812,7.5368469295
0.001813,6.7738232442
0.001814,7.2675444523
0.001815,4.7989384118
0.001816,3.2280072951000003
0.001817,2.0161461480000002
0.001818,2.958704818
0.001819,4.3949846961
0.00182,5.1131246352
0.001821,4.9784733966
0.001822,4.7989384118
0.001823,3.7217285032
0.001824,1.9263786556
0.001825,1.9712624018
0.001826,3.7666122494
0.001827,5.0233571428
0.001828,6.459637020900001
0.001829,6.2801020361
0.00183,5.2477758737
0.001831,4.0807984728
0.001832,3.0484723103999998
0.001833,3.0035885641999998
0.001834,3.8114959955999996
0.001835,5.1131246352
0.001836,4.4847521885
0.001837,5.6966133355999995
0.001838,4.4398684423
0.001839,3.0484723103999998
0.00184,2.8689373255999997
0.001841,3.5421935185
0.001842,4.7540546656
0.001843,5.472194604699999
0.001844,5.2926596199
0.001845,4.8887059042
0.001846,3.8114959955999996
0.001847,2.3303323713
0.001848,3.7217285032
0.001849,4.5296359347
0.00185,5.6966133355999995
0.001851,5.472194604699999
0.001852,5.6517295895
0.001853,5.786380828
0.001854,5.6966133355999995
0.001855,6.5045207671
0.001856,7.626614421899999
0.001857,8.2998706147
0.001858,7.357311944699999
0.001859,7.2675444523
0.00186,5.472194604699999
0.001861,3.1382398027
0.001862,1.3428899551
0.001863,1.3877737013
0.001864,2.6894023407999996
0.001865,5.2477758737
0.001866,5.5170783509
0.001867,6.190334543700001
0.001868,5.2477758737
0.001869,3.8563797418
0.00187,1.9263786556
0.001871,1.6570761784
0.001872,2.6894023407999996
0.001873,4.7540546656
0.001874,6.0556833052
0.001875,6.9084744828
0.001876,5.9659158128
0.001877,5.2926596199
0.001878,3.4524260261
0.001879,1.6570761784
0.00188,2.0610298941
0.001881,1.791727417
0.001882,5.5170783509
0.001883,6.2801020361
0.001884,5.5619620971
0.001885,4.6194034271
0.001886,3.5421935185
0.001887,2.8689373255999997
0.001888,2.1507973865
0.001889,2.734286087
0.00189,5.1580083813
0.001891,5.6966133355999995
0.001892,5.7414970817999995
0.001893,5.8312645742
0.001894,4.4398684423
0.001895,3.3626585337000003
0.001896,2.5098673561
0.001897,3.901263488
0.001898,5.6517295895
0.001899,5.9210320666000005
0.0019,5.8312645742
0.001901,6.2801020361
0.001902,6.6391720057
0.001903,5.9659158128
0.001904,6.6840557519
0.001905,8.2549868685
0.001906,8.2998706147
0.001907,7.4919631833
0.001908,6.190334543700001
0.001909,3.5870772647
0.00191,2.1059136403000003
0.001911,0.66963376222
0.001912,1.3877737013
0.001913,3.8563797418
0.001914,5.1580083813
0.001915,4.6642871732
0.001916,5.786380828
0.001917,4.6642871732
0.001918,4.1256822189
0.001919,2.8689373255999997
0.00192,3.1382398027
0.001921,4.6194034271
0.001922,4.7540546656
0.001923,6.010799559
0.001924,5.2477758737
0.001925,4.7989384118
0.001926,3.2280072951000003
0.001927,2.3303323713
0.001928,2.958704818
0.001929,4.1256822189
0.00193,5.068240889
0.001931,6.1005670514
0.001932,5.2028921275
0.001933,4.574519680900001
0.001934,2.8689373255999997
0.001935,2.5098673561
0.001936,3.6319610108
0.001937,4.0359147266
0.001938,5.2028921275
0.001939,5.8312645742
0.00194,5.1580083813
0.001941,4.0807984728
0.001942,2.4649836099
0.001943,3.4075422799
0.001944,4.3949846961
0.001945,5.3824271123
0.001946,6.9084744828
0.001947,7.4470794371
0.001948,7.895916899
0.001949,5.5170783509
0.00195,6.8187069904
0.001951,7.4021956909
0.001952,7.4021956909
0.001953,7.7612656604
0.001954,6.3249857823
0.001955,4.3501009499
0.001956,3.0484723103999998
0.001957,0.93893623936
0.001958,0.17591255411
0.001959,0.086145061729
0.00196,1.3428899551
0.001961,4.5296359347
0.001962,6.145450797600001
0.001963,7.17777696
0.001964,6.3698695285
0.001965,5.5619620971
0.001966,4.0359147266
0.001967,1.7019599246
0.001968,2.8689373255999997
0.001969,4.215449711300001
0.00197,5.068240889
0.001971,6.010799559
0.001972,4.4847521885
0.001973,3.8114959955999996
0.001974,2.8240535794
0.001975,2.9138210718
0.001976,4.6642871732
0.001977,6.5494045133
0.001978,6.8187069904
0.001979,5.6966133355999995
0.00198,4.843822158
0.001981,3.0933560565
0.001982,1.6121924322
0.001983,2.1956811327
0.001984,5.3375433661
0.001985,5.5170783509
0.001986,6.0556833052
0.001987,4.4847521885
0.001988,3.4075422799
0.001989,3.3626585337000003
0.00199,2.9138210718
0.001991,4.7989384118
0.001992,6.0556833052
0.001993,6.1005670514
0.001994,4.9784733966
0.001995,4.7540546656
0.001996,3.5421935185
0.001997,2.5547511023
0.001998,4.260333457500001
0.001999,7.2226607061
0.002,8.2101031224
0.002001,9.4219642695
0.002002,8.0305681376
0.002003,6.459637020900001
0.002004,5.472194604699999
0.002005,3.7666122494
0.002006,3.5421935185
0.002007,5.9659158128
0.002008,5.1580083813
0.002009,4.7091709194
0.00201,3.1382398027
0.002011,2.2854486251
0.002012,1.2082387165000001
0.002013,2.0610298941
0.002014,4.6194034271
0.002015,5.2926596199
0.002016,6.7738232442
0.002017,4.574519680900001
0.002018,4.574519680900001
0.002019,3.9910309804
0.00202,2.1507973865
0.002021,3.9910309804
0.002022,5.9210320666000005
0.002023,5.6966133355999995
0.002024,5.9210320666000005
0.002025,4.5296359347
0.002026,3.4973097723
0.002027,1.6570761784
0.002028,2.8240535794
0.002029,5.786380828
0.00203,5.8761483204000005
0.002031,6.4147532747
0.002032,4.9784733966
0.002033,3.7666122494
0.002034,2.958704818
0.002035,1.567308686
0.002036,3.4973097723
0.002037,5.1580083813
0.002038,6.2352182899
0.002039,6.5494045133
0.00204,4.843822158
0.002041,5.2477758737
0.002042,2.9138210718
0.002043,2.2854486251
0.002044,3.1382398027
0.002045,5.0233571428
0.002046,8.479405599500002
0.002047,9.3770805233
0.002048,9.2873130309
0.002049,8.2998706147
0.00205,6.1005670514
0.002051,3.7217285032
0.002052,3.1831235489000003
0.002053,3.1382398027
0.002054,3.6319610108
0.002055,4.0807984728
0.002056,4.6194034271
0.002057,3.0484723103999998
0.002058,2.5098673561
0.002059,2.4200998637
0.00206,3.1382398027
0.002061,5.472194604699999
0.002062,6.1005670514
0.002063,6.2352182899
0.002064,5.427310858499999
0.002065,4.260333457500001
0.002066,3.2728910413
0.002067,2.7791698332
0.002068,4.3052172037
0.002069,5.5619620971
0.00207,5.6068458433
0.002071,5.3824271123
0.002072,4.1256822189
0.002073,3.4524260261
0.002074,1.8814949094
0.002075,1.9263786556
0.002076,2.7791698332
0.002077,4.3949846961
0.002078,5.7414970817999995
0.002079,5.6966133355999995
0.00208,5.472194604699999
0.002081,4.7989384118
0.002082,3.2280072951000003
0.002083,3.0035885641999998
0.002084,3.4524260261
0.002085,4.3052172037
0.002086,5.8761483204000005
0.002087,5.5170783509
0.002088,4.843822158
0.002089,4.0807984728
0.00209,3.5421935185
0.002091,5.1580083813
0.002092,7.8510331528
0.002093,9.5566155081
0.002094,9.7810342391
0.002095,9.2424292848
0.002096,7.2226607061
0.002097,4.1705659651
0.002098,3.3177747875
0.002099,2.7791698332
0.0021,3.5421935185
0.002101,4.3052172037
0.002102,4.3501009499
0.002103,4.1256822189
0.002104,3.6319610108
0.002105,1.791727417
0.002106,1.0735874778999999
0.002107,2.0610298941
0.002108,2.8240535794
0.002109,6.1005670514
0.00211,6.8187069904
0.002111,6.3698695285
0.002112,5.6517295895
0.002113,4.1256822189
0.002114,2.5098673561
0.002115,2.6894023407999996
0.002116,4.1705659651
0.002117,5.472194604699999
0.002118,5.2926596199
0.002119,4.8887059042
0.00212,4.0359147266
0.002121,3.3626585337000003
0.002122,3.2280072951000003
0.002123,3.7217285032
0.002124,5.8312645742
0.002125,6.459637020900001
0.002126,5.8761483204000005
0.002127,5.6517295895
0.002128,4.260333457500001
0.002129,2.5547511023
0.00213,1.6570761784
0.002131,2.2854486251
0.002132,4.7091709194
0.002133,5.472194604699999
0.002134,6.190334543700001
0.002135,5.427310858499999
0.002136,4.843822158
0.002137,3.3177747875
0.002138,2.0161461480000002
0.002139,3.4524260261
0.00214,4.7989384118
0.002141,6.459637020900001
0.002142,7.357311944699999
0.002143,8.838475569
0.002144,7.671498168099999
0.002145,6.010799559
0.002146,5.6517295895
0.002147,5.9210320666000005
0.002148,6.5045207671
0.002149,6.190334543700001
0.00215,4.3501009499
0.002151,3.7666122494
0.002152,2.3752161175
0.002153,1.0287037317
0.002154,3.0035885641999998
0.002155,4.9784733966
0.002156,5.7414970817999995
0.002157,6.0556833052
0.002158,5.5619620971
0.002159,4.3052172037
0.00216,3.0933560565
0.002161,2.5098673561
0.002162,2.958704818
0.002163,4.574519680900001
0.002164,6.145450797600001
0.002165,6.5045207671
0.002166,7.895916899
0.002167,6.4147532747
0.002168,4.574519680900001
0.002169,2.7791698332
0.00217,1.1184712241
0.002171,-0.45245989257
0.002172,0.44521503126
0.002173,2.8689373255999997
0.002174,5.3375433661
0.002175,6.5942882595
0.002176,6.010799559
0.002177,6.6391720057
0.002178,4.7989384118
0.002179,3.0035885641999998
0.00218,2.6445185946
0.002181,4.3052172037
0.002182,5.6966133355999995
0.002183,5.786380828
0.002184,5.6517295895
0.002185,4.574519680900001
0.002186,3.4075422799
0.002187,2.2405648789
0.002188,1.6570761784
0.002189,3.4524260261
0.00219,4.7989384118
0.002191,6.1005670514
0.002192,7.8510331528
0.002193,8.1652193762
0.002194,8.12033563
0.002195,6.953358229
0.002196,5.9659158128
0.002197,6.459637020900001
0.002198,6.145450797600001
0.002199,5.3824271123
0.0022,5.8761483204000005
0.002201,3.8563797418
0.002202,2.1956811327
0.002203,1.2082387165000001
0.002204,1.4326574475
0.002205,3.4075422799
0.002206,5.5619620971
0.002207,6.3249857823
0.002208,6.1005670514
0.002209,5.786380828
0.00221,4.0807984728
0.002211,3.4075422799
0.002212,2.6894023407999996
0.002213,2.5996348484
0.002214,4.3501009499
0.002215,5.427310858499999
0.002216,5.5170783509
0.002217,4.9784733966
0.002218,4.3949846961
0.002219,3.0933560565
0.00222,2.1956811327
0.002221,3.901263488
0.002222,4.4847521885
0.002223,5.8312645742
0.002224,5.9659158128
0.002225,5.068240889
0.002226,4.3501009499
0.002227,3.2728910413
0.002228,2.5547511023
0.002229,3.7666122494
0.00223,5.2028921275
0.002231,5.9659158128
0.002232,6.8187069904
0.002233,5.5619620971
0.002234,5.5619620971
0.002235,4.843822158
0.002236,5.1131246352
0.002237,5.5619620971
0.002238,7.4021956909
0.002239,8.2549868685
0.00224,7.7612656604
0.002241,6.8635907366
0.002242,4.843822158
0.002243,2.0161461480000002
0.002244,1.1184712241
0.002245,2.734286087
0.002246,4.3501009499
0.002247,5.2926596199
0.002248,5.472194604699999
0.002249,4.3949846961
0.00225,3.7666122494
0.002251,2.8689373255999997
0.002252,2.3752161175
0.002253,3.676844757
0.002254,4.9335896504
0.002255,5.427310858499999
0.002256,5.0233571428
0.002257,5.6966133355999995
0.002258,3.8563797418
0.002259,2.2854486251
0.00226,2.9138210718
0.002261,4.5296359347
0.002262,6.190334543700001
0.002263,6.3698695285
0.002264,5.9210320666000005
0.002265,4.6642871732
0.002266,3.1831235489000003
0.002267,0.62475001602
0.002268,1.6121924322
0.002269,2.7791698332
0.00227,4.6194034271
0.002271,6.010799559
0.002272,6.1005670514
0.002273,5.2926596199
0.002274,3.7217285032
0.002275,2.6894023407999996
0.002276,2.2854486251
0.002277,3.9910309804
0.002278,5.8312645742
0.002279,6.6840557519
0.00228,6.5045207671
0.002281,5.9659158128
0.002282,4.3949846961
0.002283,2.8689373255999997
0.002284,1.2082387165000001
0.002285,1.7468436708000001
0.002286,3.4524260261
0.002287,6.9982419752
0.002288,9.3321967771
0.002289,10.095220461999999
0.00229,9.0628943
0.002291,8.9282430614
0.002292,5.9659158128
0.002293,3.5421935185
0.002294,2.1507973865
0.002295,2.3303323713
0.002296,3.676844757
0.002297,4.0807984728
0.002298,4.260333457500001
0.002299,3.5870772647
0.0023,3.1831235489000003
0.002301,1.9712624018
0.002302,3.5870772647
0.002303,5.068240889
0.002304,6.2352182899
0.002305,6.3698695285
0.002306,6.1005670514
0.002307,4.7989384118
0.002308,3.676844757
0.002309,2.6894023407999996
0.00231,2.9138210718
0.002311,4.7540546656
0.002312,5.5170783509
0.002313,5.8761483204000005
0.002314,5.427310858499999
0.002315,4.3501009499
0.002316,2.4200998637
0.002317,1.9712624018
0.002318,2.5996348484
0.002319,4.574519680900001
0.00232,6.4147532747
0.002321,7.4919631833
0.002322,7.0880094676
0.002323,5.786380828
0.002324,3.5870772647
0.002325,2.5547511023
0.002326,1.2980062089
0.002327,0.98381998556
0.002328,2.734286087
0.002329,4.3501009499
0.00233,5.6068458433
0.002331,7.1328932138
0.002332,8.2998706147
0.002333,7.8510331528
0.002334,6.6391720057
0.002335,5.5170783509
0.002336,6.7738232442
0.002337,7.0880094676
0.002338,6.1005670514
0.002339,5.472194604699999
0.00234,3.3177747875
0.002341,2.0610298941
0.002342,1.2980062089
0.002343,2.2854486251
0.002344,3.8563797418
0.002345,4.8887059042
0.002346,5.2028921275
0.002347,4.4847521885
0.002348,4.574519680900001
0.002349,3.2280072951000003
0.00235,3.3177747875
0.002351,3.9910309804
0.002352,5.7414970817999995
0.002353,5.1131246352
0.002354,5.5619620971
0.002355,3.8114959955999996
0.002356,2.5996348484
0.002357,3.1831235489000003
0.002358,3.4973097723
0.002359,6.8635907366
0.00236,6.4147532747
0.002361,5.786380828
0.002362,5.0233571428
0.002363,3.7217285032
0.002364,2.2405648789
0.002365,1.567308686
0.002366,1.791727417
0.002367,3.676844757
0.002368,4.4398684423
0.002369,5.068240889
0.00237,5.0233571428
0.002371,4.7989384118
0.002372,3.8114959955999996
0.002373,3.8563797418
0.002374,5.472194604699999
0.002375,6.6840557519
0.002376,6.8635907366
0.002377,5.9659158128
0.002378,5.3375433661
0.002379,3.676844757
0.00238,2.2854486251
0.002381,0.26568004649000004
0.002382,3.8114959955999996
0.002383,6.3698695285
0.002384,9.0180105538
0.002385,9.0628943
0.002386,9.0628943
0.002387,7.8061494066
0.002388,5.8761483204000005
0.002389,4.7540546656
0.00239,5.0233571428
0.002391,5.5170783509
0.002392,4.6194034271
0.002393,5.786380828
0.002394,3.9910309804
0.002395,3.1382398027
0.002396,1.5224249398999998
0.002397,1.6570761784
0.002398,3.1382398027
0.002399,4.5296359347
0.0024,4.7540546656
0.002401,5.5619620971
0.002402,4.9335896504
0.002403,4.6194034271
0.002404,3.3626585337000003
0.002405,3.5870772647
0.002406,5.068240889
0.002407,5.6966133355999995
0.002408,6.6840557519
0.002409,5.2926596199
0.00241,4.260333457500001
0.002411,2.6894023407999996
0.002412,1.4326574475
0.002413,1.8366111632000002
0.002414,3.0933560565
0.002415,3.8114959955999996
0.002416,6.4147532747
0.002417,5.3375433661
0.002418,4.7091709194
0.002419,3.2280072951000003
0.00242,2.958704818
0.002421,4.574519680900001
0.002422,5.7414970817999995
0.002423,6.8635907366
0.002424,5.6966133355999995
0.002425,5.1131246352
0.002426,2.6445185946
0.002427,3.0484723103999998
0.002428,4.843822158
0.002429,6.7738232442
0.00243,8.9731268076
0.002431,8.7935918228
0.002432,7.8510331528
0.002433,6.5942882595
0.002434,4.3949846961
0.002435,3.0484723103999998
0.002436,3.901263488
0.002437,4.215449711300001
0.002438,5.068240889
0.002439,5.3824271123
0.00244,4.7540546656
0.002441,3.4075422799
0.002442,2.1059136403000003
0.002443,1.8366111632000002
0.002444,1.9263786556
0.002445,4.5296359347
0.002446,5.5170783509
0.002447,6.3249857823
0.002448,5.6517295895
0.002449,3.901263488
0.00245,3.5870772647
0.002451,2.1059136403000003
0.002452,2.2405648789
0.002453,4.0359147266
0.002454,5.3375433661
0.002455,5.786380828
0.002456,5.472194604699999
0.002457,4.1705659651
0.002458,3.3177747875
0.002459,2.5996348484
0.00246,4.0359147266
0.002461,5.5170783509
0.002462,6.145450797600001
0.002463,5.0233571428
0.002464,4.843822158
0.002465,2.9138210718
0.002466,2.2854486251
0.002467,2.8240535794
0.002468,4.4847521885
0.002469,5.427310858499999
0.00247,5.786380828
0.002471,5.1580083813
0.002472,4.9784733966
0.002473,4.3052172037
0.002474,3.2280072951000003
0.002475,5.472194604699999
0.002476,7.671498168099999
0.002477,10.409406685999999
0.002478,9.7810342391
0.002479,10.140104209
0.00248,7.7612656604
0.002481,5.2477758737
0.002482,2.5098673561
0.002483,-0.6319948773299999
0.002484,0.98381998556
0.002485,2.4200998637
0.002486,3.7666122494
0.002487,4.7540546656
0.002488,4.574519680900001
0.002489,3.9910309804
0.00249,3.0933560565
0.002491,2.5547511023
0.002492,4.6194034271
0.002493,5.427310858499999
0.002494,5.8761483204000005
0.002495,6.4147532747
0.002496,4.9784733966
0.002497,3.5421935185
0.002498,2.5098673561
0.002499,3.8114959955999996
0.0025,5.0233571428
0.002501,6.2801020361
0.002502,6.190334543700001
0.002503,5.8312645742
0.002504,5.3375433661
0.002505,3.4075422799
0.002506,2.5996348484
0.002507,1.0287037317
0.002508,0.35544753887999997
0.002509,2.5547511023
0.00251,5.1580083813
0.002511,6.7738232442
0.002512,7.17777696
0.002513,6.0556833052
0.002514,5.068240889
0.002515,2.8689373255999997
0.002516,1.8366111632000002
0.002517,0.7594012546
0.002518,3.0035885641999998
0.002519,5.2926596199
0.00252,5.8312645742
0.002521,6.9084744828
0.002522,5.786380828
0.002523,4.574519680900001
0.002524,3.3626585337000003
0.002525,3.0035885641999998
0.002526,4.3501009499
0.002527,7.312428198499999
0.002528,8.0305681376
0.002529,10.319639193
0.00253,8.9282430614
0.002531,8.2101031224
0.002532,5.0233571428
0.002533,2.6445185946
0.002534,2.1059136403000003
0.002535,1.7468436708000001
0.002536,3.676844757
0.002537,3.9910309804
0.002538,4.7989384118
0.002539,3.9461472342
0.00254,3.7666122494
0.002541,2.6445185946
0.002542,3.1382398027
0.002543,4.7091709194
0.002544,6.010799559
0.002545,6.1005670514
0.002546,5.9659158128
0.002547,4.0359147266
0.002548,3.0035885641999998
0.002549,2.7791698332
0.00255,3.6319610108
0.002551,5.2926596199
0.002552,6.010799559
0.002553,5.1131246352
0.002554,4.3052172037
0.002555,3.2728910413
0.002556,2.734286087
0.002557,3.9910309804
0.002558,5.5170783509
0.002559,6.3698695285
0.00256,6.145450797600001
0.002561,5.2477758737
0.002562,3.0484723103999998
0.002563,3.3177747875
0.002564,2.4649836099
0.002565,2.5547511023
0.002566,3.8563797418
0.002567,5.1580083813
0.002568,5.427310858499999
0.002569,5.2926596199
0.00257,4.574519680900001
0.002571,3.2280072951000003
0.002572,4.3052172037
0.002573,6.190334543700001
0.002574,9.3770805233
0.002575,10.948011639999999
0.002576,10.409406685999999
0.002577,8.7935918228
0.002578,6.3698695285
0.002579,3.4075422799
0.00258,0.71451750841
0.002581,-0.58711113114
0.002582,1.0287037317
0.002583,3.3177747875
0.002584,4.6194034271
0.002585,4.9335896504
0.002586,4.4847521885
0.002587,3.6319610108
0.002588,3.7217285032
0.002589,4.1705659651
0.00259,6.8635907366
0.002591,6.5494045133
0.002592,6.8187069904
0.002593,5.6517295895
0.002594,4.3949846961
0.002595,2.8240535794
0.002596,1.0735874778999999
0.002597,3.901263488
0.002598,4.7091709194
0.002599,5.0233571428
0.0026,5.6517295895
0.002601,3.8563797418
0.002602,3.3626585337000003
0.002603,2.734286087
0.002604,3.2728910413
0.002605,5.5170783509
0.002606,5.068240889
0.002607,5.7414970817999995
0.002608,5.1131246352
0.002609,4.215449711300001
0.00261,3.0035885641999998
0.002611,1.567308686
0.002612,2.6894023407999996
0.002613,4.9335896504
0.002614,6.010799559
0.002615,7.0880094676
0.002616,6.0556833052
0.002617,4.7091709194
0.002618,3.0933560565
0.002619,1.5224249398999998
0.00262,4.7989384118
0.002621,6.7738232442
0.002622,9.5566155081
0.002623,9.2424292848
0.002624,8.1652193762
0.002625,6.5942882595
0.002626,4.215449711300001
0.002627,3.6319610108
0.002628,4.4847521885
0.002629,4.574519680900001
0.00263,3.6319610108
0.002631,4.215449711300001
0.002632,2.3752161175
0.002633,1.7019599246
0.002634,2.3303323713
0.002635,3.6319610108
0.002636,5.068240889
0.002637,6.3698695285
0.002638,5.8312645742
0.002639,4.843822158
0.00264,4.3052172037
0.002641,2.5098673561
0.002642,2.7791698332
0.002643,4.4847521885
0.002644,5.5619620971
0.002645,6.145450797600001
0.002646,6.5494045133
0.002647,5.472194604699999
0.002648,4.4398684423
0.002649,3.4075422799
0.00265,1.7019599246
0.002651,1.5224249398999998
0.002652,3.4973097723
0.002653,3.7217285032
0.002654,5.2477758737
0.002655,5.5170783509
0.002656,4.3052172037
0.002657,3.3177747875
0.002658,3.1382398027
0.002659,3.8563797418
0.00266,4.7989384118
0.002661,6.8187069904
0.002662,6.3249857823
0.002663,5.786380828
0.002664,4.7989384118
0.002665,3.9910309804
0.002666,2.2405648789
0.002667,2.0161461480000002
0.002668,4.3501009499
0.002669,7.312428198499999
0.00267,9.8708017314
0.002671,10.409406685999999
0.002672,9.3770805233
0.002673,8.1652193762
0.002674,5.1131246352
0.002675,1.8366111632000002
0.002676,0.66963376222
0.002677,1.4326574475
0.002678,3.2280072951000003
0.002679,5.0233571428
0.00268,5.2477758737
0.002681,4.8887059042
0.002682,3.4973097723
0.002683,2.3752161175
0.002684,1.2082387165000001
0.002685,2.4200998637
0.002686,4.9335896504
0.002687,5.786380828
0.002688,8.3447543609
0.002689,6.8635907366
0.00269,5.0233571428
0.002691,3.901263488
0.002692,1.6121924322
0.002693,2.3752161175
0.002694,4.4398684423
0.002695,6.0556833052
0.002696,7.2226607061
0.002697,6.3698695285
0.002698,4.8887059042
0.002699,3.9461472342
0.0027,2.2854486251
0.002701,1.6121924322
0.002702,1.791727417
0.002703,4.260333457500001
0.002704,6.010799559
0.002705,6.190334543700001
0.002706,5.9659158128
0.002707,4.260333457500001
0.002708,3.676844757
0.002709,2.8240535794
0.00271,2.5098673561
0.002711,5.472194604699999
0.002712,5.427310858499999
0.002713,5.1131246352
0.002714,5.0233571428
0.002715,4.843822158
0.002716,5.9659158128
0.002717,6.7738232442
0.002718,7.626614421899999
0.002719,8.479405599500002
0.00272,7.671498168099999
0.002721,5.6966133355999995
0.002722,5.1580083813
0.002723,3.4973097723
0.002724,2.6894023407999996
0.002725,2.8689373255999997
0.002726,4.574519680900001
0.002727,4.8887059042
0.002728,3.9910309804
0.002729,3.9461472342
0.00273,2.2854486251
0.002731,2.3303323713
0.002732,2.3752161175
0.002733,3.901263488
0.002734,5.6966133355999995
0.002735,6.3249857823
0.002736,6.145450797600001
0.002737,5.472194604699999
0.002738,4.260333457500001
0.002739,3.0035885641999998
0.00274,2.8689373255999997
0.002741,4.4398684423
0.002742,5.427310858499999
0.002743,5.1580083813
0.002744,4.6194034271
0.002745,4.1705659651
0.002746,2.8240535794
0.002747,2.6445185946
0.002748,3.4524260261
0.002749,5.3824271123
0.00275,6.728939498000001
0.002751,5.6966133355999995
0.002752,5.5619620971
0.002753,4.6194034271
0.002754,3.0933560565
0.002755,1.791727417
0.002756,3.1382398027
0.002757,4.0359147266
0.002758,4.6194034271
0.002759,5.7414970817999995
0.00276,4.9335896504
0.002761,4.4847521885
0.002762,5.9659158128
0.002763,5.6517295895
0.002764,6.3698695285
0.002765,7.8061494066
0.002766,7.4470794371
0.002767,9.2424292848
0.002768,8.2101031224
0.002769,6.5494045133
0.00277,5.3824271123
0.002771,2.5996348484
0.002772,0.44521503126
0.002773,-0.048506176845
0.002774,1.567308686
0.002775,3.8563797418
0.002776,4.4398684423
0.002777,5.427310858499999
0.002778,4.1705659651
0.002779,4.1256822189
0.00278,3.3177747875
0.002781,3.0933560565
0.002782,5.3824271123
0.002783,6.2352182899
0.002784,5.6966133355999995
0.002785,5.6517295895
0.002786,4.3052172037
0.002787,2.958704818
0.002788,2.4649836099
0.002789,2.4200998637
0.00279,5.786380828
0.002791,5.1580083813
0.002792,5.068240889
0.002793,6.190334543700001
0.002794,8.4345218533
0.002795,11.666151579000001
0.002796,13.057547711
0.002797,13.506385173
0.002798,11.89057031
0.002799,9.1526617924
0.0028,9.0628943
0.002801,9.6463830005
0.002802,9.8708017314
0.002803,9.1077780462
0.002804,7.626614421899999
0.002805,6.953358229
0.002806,5.8312645742
0.002807,4.3501009499
0.002808,2.8240535794
0.002809,1.6121924322
0.00281,2.3303323713
0.002811,3.3177747875
0.002812,4.3052172037
0.002813,6.0556833052
0.002814,5.472194604699999
0.002815,4.9335896504
0.002816,4.0359147266
0.002817,1.9712624018
0.002818,1.6121924322
0.002819,1.9712624018
0.00282,3.8114959955999996
0.002821,5.3824271123
0.002822,5.1131246352
0.002823,4.1256822189
0.002824,4.7989384118
0.002825,3.4075422799
0.002826,3.8114959955999996
0.002827,4.9335896504
0.002828,5.9210320666000005
0.002829,6.010799559
0.00283,4.8887059042
0.002831,4.260333457500001
0.002832,2.8689373255999997
0.002833,2.734286087
0.002834,3.0933560565
0.002835,4.1256822189
0.002836,5.6068458433
0.002837,4.7989384118
0.002838,4.4398684423
0.002839,4.215449711300001
0.00284,3.0933560565
0.002841,3.4973097723
0.002842,4.5296359347
0.002843,4.843822158
0.002844,5.5619620971
0.002845,4.7989384118
0.002846,4.7540546656
0.002847,5.7414970817999995
0.002848,6.0556833052
0.002849,6.8635907366
0.00285,7.4021956909
0.002851,8.4345218533
0.002852,7.4919631833
0.002853,5.6068458433
0.002854,4.3052172037
0.002855,2.3303323713
0.002856,2.1059136403000003
0.002857,3.676844757
0.002858,4.9335896504
0.002859,5.7414970817999995
0.00286,5.068240889
0.002861,4.260333457500001
0.002862,3.0484723103999998
0.002863,2.1507973865
0.002864,2.4649836099
0.002865,3.7217285032
0.002866,5.5619620971
0.002867,6.190334543700001
0.002868,5.2477758737
0.002869,4.260333457500001
0.00287,3.7217285032
0.002871,2.5547511023
0.002872,3.5870772647
0.002873,4.574519680900001
0.002874,6.0556833052
0.002875,5.6068458433
0.002876,4.9784733966
0.002877,3.901263488
0.002878,2.7791698332
0.002879,2.9138210718
0.00288,2.5098673561
0.002881,5.2477758737
0.002882,5.7414970817999995
0.002883,5.3824271123
0.002884,5.068240889
0.002885,3.7217285032
0.002886,3.1382398027
0.002887,3.901263488
0.002888,4.4398684423
0.002889,5.2477758737
0.00289,5.2926596199
0.002891,4.4847521885
0.002892,4.1256822189
0.002893,3.0933560565
0.002894,3.4524260261
0.002895,6.010799559
0.002896,8.1652193762
0.002897,9.6014992543
0.002898,8.9282430614
0.002899,7.7163819143
0.0029,5.6517295895
0.002901,4.4398684423
0.002902,4.7540546656
0.002903,4.6194034271
0.002904,5.8312645742
0.002905,5.472194604699999
0.002906,4.0807984728
0.002907,2.5547511023
0.002908,1.791727417
0.002909,0.84916874698
0.00291,1.4326574475
0.002911,2.7791698332
0.002912,4.6642871732
0.002913,6.145450797600001
0.002914,5.2926596199
0.002915,5.8312645742
0.002916,4.843822158
0.002917,3.5870772647
0.002918,3.5870772647
0.002919,4.3949846961
0.00292,5.7414970817999995
0.002921,5.472194604699999
0.002922,4.6194034271
0.002923,4.1256822189
0.002924,2.9138210718
0.002925,2.1956811327
0.002926,3.2280072951000003
0.002927,5.1580083813
0.002928,6.5494045133
0.002929,6.8635907366
0.00293,6.1005670514
0.002931,5.5170783509
0.002932,3.5421935185
0.002933,2.1059136403000003
0.002934,0.80428500079
0.002935,1.2980062089
0.002936,3.3626585337000003
0.002937,3.5870772647
0.002938,6.4147532747
0.002939,5.472194604699999
0.00294,5.8761483204000005
0.002941,6.3698695285
0.002942,6.8187069904
0.002943,8.479405599500002
0.002944,9.1077780462
0.002945,8.6140568381
0.002946,7.671498168099999
0.002947,5.2926596199
0.002948,2.6445185946
0.002949,2.4200998637
0.00295,2.4649836099
0.002951,3.4524260261
0.002952,4.0807984728
0.002953,4.4398684423
0.002954,4.0359147266
0.002955,3.2728910413
0.002956,3.3626585337000003
0.002957,2.958704818
0.002958,4.4398684423
0.002959,5.5619620971
0.00296,5.5170783509
0.002961,7.0431257214
0.002962,5.9210320666000005
0.002963,4.3052172037
0.002964,2.8240535794
0.002965,2.0610298941
0.002966,3.1831235489000003
0.002967,4.0807984728
0.002968,4.843822158
0.002969,4.7091709194
0.00297,4.0359147266
0.002971,2.5996348484
0.002972,3.1831235489000003
0.002973,3.4524260261
0.002974,5.427310858499999
0.002975,5.472194604699999
0.002976,5.9659158128
0.002977,5.1580083813
0.002978,3.8563797418
0.002979,3.1831235489000003
0.00298,2.8689373255999997
0.002981,4.3949846961
0.002982,5.2926596199
0.002983,6.953358229
0.002984,6.4147532747
0.002985,5.2477758737
0.002986,4.3501009499
0.002987,4.0359147266
0.002988,4.215449711300001
0.002989,5.8312645742
0.00299,7.5368469295
0.002991,8.6589405843
0.002992,8.6140568381
0.002993,7.357311944699999
0.002994,5.7414970817999995
0.002995,3.8563797418
0.002996,1.567308686
0.002997,1.791727417
0.002998,3.1831235489000003
0.002999,4.260333457500001
0.003,4.7091709194
0.003001,4.5296359347
0.003002,4.215449711300001
0.003003,3.0484723103999998
0.003004,2.4200998637
0.003005,2.734286087
0.003006,5.068240889
0.003007,5.6068458433
0.003008,5.6966133355999995
0.003009,5.0233571428
0.00301,3.9461472342
0.003011,2.8689373255999997
0.003012,3.0484723103999998
0.003013,5.1131246352
0.003014,5.786380828
0.003015,5.9210320666000005
0.003016,4.7989384118